Source,Practicename,CCG
C84621,WESTBRIDGFORDHEALTHCENTRE,NHSRushcliffeCCG
C84666,COMPTONACRESMEDICALCTR,NHSRushcliffeCCG
C84703,THEGAMSTONMEDICALCTR.,NHSRushcliffeCCG
P87002,THEPOPLARSMEDICALPRACTICE,NHSSalfordCCG
P87003,4/STANDREWSMEDICALPRACTICE,NHSSalfordCCG
P87004,1/SALFORDMEDICALPRACTICE,NHSSalfordCCG
P87008,WALKDENMEDICALPRACTICE,NHSSalfordCCG
P87014,IRLAMGROUPPRACTICE,NHSSalfordCCG
P87015,PENDLETONMEDICALCENTRE,NHSSalfordCCG
P87016,THESIDESMEDICALPRACTICE,NHSSalfordCCG
P87017,THELIMESMEDICALPRACTICE,NHSSalfordCCG
P87019,LOWRYMEDICALPRACTICE,NHSSalfordCCG
P87020,2/STANDREWSMEDICALPRACTICE,NHSSalfordCCG
P87021,SALFORDHEALTHMATTERS(ECCLES),NHSSalfordCCG
P87022,MOCHAPARADEMEDICALPRACTICE,NHSSalfordCCG
P87024,3/SPRINGFIELDHOUSEMEDICALPRACTICE,NHSSalfordCCG
P87025,THELAKESMEDICALPRACTICE,NHSSalfordCCG
P87026,3/HIGHERBROUGHTONMEDICALPRACTICE,NHSSalfordCCG
P87027,LANGWORTHYMEDICALPRACTICE,NHSSalfordCCG
P87028,THEGILLMEDICALPRACTICE,NHSSalfordCCG
P87032,ORIENTROADMEDICALPRACTICE,NHSSalfordCCG
P87035,REGENTSPARKMEDICALPRACTICE,NHSSalfordCCG
P87036,4/LOWERBROUGHTONMEDICALPRACTICE,NHSSalfordCCG
P87039,2/IRLAMMEDICALPRACTICE,NHSSalfordCCG
P87040,SORRELBANKMEDICALPRACTICE,NHSSalfordCCG
P87610,THEMOSSLANDSMEDICALPRACTICE,NHSSalfordCCG
P87613,CLEGGSLANEMEDICALPRACTICE/129,NHSSalfordCCG
P87614,155/MANCHESTERROADMEDICALPRACTICE,NHSSalfordCCG
P87618,DRLOOMBAANDPARTNERS,NHSSalfordCCG
P87620,1/MONTONMEDICALPRACTICE,NHSSalfordCCG
P87624,ELLENBROOKMEDICALPRACTICE,NHSSalfordCCG
P87625,DEARDENAVENUEMEDICALPRACTICE,NHSSalfordCCG
P87627,ORCHARDMEDICALPRACTICE,NHSSalfordCCG
P87629,1/STANDREWSMEDICALPRACTICE,NHSSalfordCCG
P87630,CHERRYMEDICALPRACTICE,NHSSalfordCCG
P87632,5/STANDREWSMEDICALPRACTICE,NHSSalfordCCG
P87634,CLARENDONMEDICALPRACTICE,NHSSalfordCCG
P87637,THENELSONFOLDMEDICALPRACTICE,NHSSalfordCCG
P87639,CORNERSTONEMEDICALPRACTICE,NHSSalfordCCG
P87641,1/HIGHERBROUGHTONMEDICALPRACTICE,NHSSalfordCCG
P87642,2/HIGHERBROUGHTONMEDICALPRACTICE,NHSSalfordCCG
P87645,GATEWAYMEDICALPRACTICE,NHSSalfordCCG
P87648,LEICESTERROADMEDICALPRACTICE,NHSSalfordCCG
P87649,CHAPELMEDICALCENTRE,NHSSalfordCCG
P87651,LIMEFIELDROADMEDICALPRACTICE,NHSSalfordCCG
P87652,1/LOWERBROUGHTONMEDICALPRACTICE,NHSSalfordCCG
P87654,3/LOWERBROUGHTONMEDICALPRACTICE,NHSSalfordCCG
P87657,(IRLAM)SALFORDCARECTRSMEDICALPRACTI,NHSSalfordCCG
P87658,THEWILLOWSMEDICALPRACTICE,NHSSalfordCCG
P87659,3/STANDREWSMEDICALCENTRE,NHSSalfordCCG
P87660,ECCLESGATEWAYMEDICALCENTRE,NHSSalfordCCG
P87661,MANCHESTERROADEASTMEDICALPRACTICE,NHSSalfordCCG
P87668,2/SALFORDMEDICALPRACTICE,NHSSalfordCCG
salfordt,SALFORDTRUST,NHSSalfordCCG
Y00443,HORIZONPRIMARYCARECENTREMEDICALPRAC,NHSSalfordCCG
Y00445,SALFORDHEALTHMATTERS,NHSSalfordCCG
Y02622,BLACKFRIARS,NHSSalfordCCG
Y02623,CANALSIDEMEDICALPRACTICE,NHSSalfordCCG
Y02625,CAREHOMESMEDICALPRACTICE,NHSSalfordCCG
Y02767,THEHEIGHTGENERALPRACTICE,NHSSalfordCCG
